"","SelfEfficacy","TaskValue","MasteryGoals"
"1",-0.580824502939199,0.448940952732117,0.174712011359767
"2",-0.0949746625483898,-0.336176026895321,0.0634109454554498
"3",0.358873931985302,0.687439243211214,0.339289278109703
"4",0.745476473927389,1.5909982438411,1.36222950867296
"5",-0.0289705922603705,0.291114543532073,0.146885545462947
"6",0.904591882074446,0.674698515976651,0.595245686221626
"7",-0.721835990554469,0.331540610005914,0.270438823193712
"8",-0.749907916457744,-0.625621943722691,-0.735907246748708
"9",0.280391990973354,0.432898796121084,-0.112266854848964
"10",0.130733989100461,-0.618854185444935,-0.470305837414155
"11",-1.38494783870398,-1.02189189721183,-1.26657100231673
"12",0.363219147716418,0.452269502979852,0.161340004866546
"13",0.430969557599359,-0.40567993141498,-0.344655466496052
"14",-0.3709348550738,-1.50780767946567,-1.15078109448857
"15",-0.0698318368568572,-0.876407229540621,-0.600021234681091
"16",0.572292138010805,0.139270847466489,-0.0299653266487276
"17",-0.587934718090992,-0.251741253752719,-0.450265061721293
"18",-0.130085572575847,1.0161328293899,0.432394380628469
"19",-0.674402290544973,-0.056629145831318,-0.380781309107247
"20",0.249146712606893,0.415042552934576,0.245132066461088
"21",1.07270878735664,1.66868000970944,1.51851968395739
"22",-0.289006237742132,-0.547342697586887,-0.509905683942355
"23",-1.18534497235259,-0.531742932274219,-1.07106707749661
"24",0.795456711544383,0.357808400758434,0.681336661989372
"25",0.633583685736248,0.454355905415973,0.470520093331489
"26",-0.0265168891451449,-0.000901389122077116,0.110506759456352
"27",0.0345619374546861,0.117000746462703,0.172822423631482
"28",-0.588908815320669,0.441052216398456,0.448812082345692
"29",0.270483439948366,0.721315257643493,0.88070146174803
"30",-0.892402069032171,0.102859559007718,-0.481577433377521
"31",-0.586537445096742,0.0637948476379692,0.0708088151450171
"32",0.905860359831737,1.3799408397998,1.32094432347919
"33",-0.327527732471358,-0.725151781701241,-0.719306376516009
"34",0.108996975580748,0.320022329539057,0.521895081981912
"35",-0.978461839523165,0.232804611713884,-0.376222321477707
"36",0.025000368524213,0.456937685120366,-0.0178936344480548
"37",0.236932793914655,-0.336042530954863,0.254342386336733
"38",0.581218367453176,0.9909258682631,0.785427783135772
"39",0.716336687543559,0.740851541407432,0.517700764184687
"40",-0.269738975003511,-0.0401134454470183,0.0968465945543675
"41",-0.426108041932134,-0.0556342505645581,-0.149667329201804
"42",-0.264221551558295,0.347831149307773,0.645504692108687
"43",0.299597022173911,-0.32521969816738,0.175342879393686
"44",-0.55430401626199,-1.05036462943196,-0.70464335240724
"45",0.87805997868235,1.62219915894392,1.42605035728981
"46",0.361999566881415,0.335980216875991,0.149432483587539
"47",1.49393723272216,1.78710362032207,1.74608829772361
"48",0.648404680842298,0.16688989821779,0.610246971050213
"49",-0.37557323443532,-0.613109423277178,-0.983708256852904
"50",-0.411533256961238,-1.38733783504112,-0.585726637363001
"51",-0.397671124604611,-0.923842123845119,-1.1146459113466
"52",0.0426667632435732,-0.0119326591289667,-0.316099398070568
"53",-0.0124508150180215,0.373198174879067,0.24290839921293
"54",-0.474217466120196,-0.312922380859988,-0.426540218434158
"55",0.52425302068466,1.15281069313504,0.815151747669107
"56",0.715987971666433,-1.27927631709757,-0.306495754583153
"57",-0.457662381312908,0.739905058358193,0.0736991714468924
"58",1.49393723272216,1.78710362032207,1.74608829772361
"59",-0.730737120342303,-1.19429997486707,-0.942541729192625
"60",-0.0602394452621236,0.515609086416659,0.561019829139058
"61",0.0155157461873964,0.0689382772135669,-0.313592461557929
"62",0.0403485935173117,-0.254438416666127,-0.318459184275915
"63",-0.292450497133073,-0.301492224060028,0.182724809319291
"64",-0.525790006335537,-0.281926909665156,-0.414547644458984
"65",0.342437814294197,0.0477571700207044,0.231054165820418
"66",-0.332586743843699,-0.243760922786854,-0.170749239092281
"67",0.642990037082927,0.61817993881397,0.688416117755098
"68",0.955663818955515,-0.504493548356072,-0.139484184405966
"69",0.26070633862181,0.542019370128857,0.0916727773908514
"70",-0.114352942457493,-0.113567233541234,-0.3603235955586
"71",-0.273592693174298,-1.1647513852357,-0.330677758051835
"72",-0.0786609311432707,-0.0988340876054175,0.0325184840840809
"73",-0.497903290758227,-1.06835305281365,-0.579160091345526
"74",0.103387662875689,0.276686531463086,-0.683898150933824
"75",-1.43497338270091,-0.770051942346839,-1.45373347028186
"76",0.972241230235601,0.505494586951224,0.767819934666967
"77",-0.59523160940092,-1.56325979411987,-1.64128231826914
"78",-1.18482366056613,-0.249752116680177,-1.05255602055772
"79",-0.172322727951343,-0.360765923996161,-0.607890966064623
"80",0.317709252724889,1.50593524331041,1.18417929357366
"81",0.249376357635797,0.778950844351695,0.894619657108443
"82",1.37667040834962,1.16064976132361,1.3828454489208
"83",-0.292136316345988,-0.280121165566767,-0.510646584358036
"84",-0.381779566093526,-0.358477596943155,-0.18996760867048
"85",0.526732806157676,0.652776846231595,0.674295974425258
"86",-0.458574710281616,0.0351449337392881,-0.241008454485942
"87",-0.82222180502492,-0.858088620938098,-0.877930885854447
"88",0.401057149143581,0.899597325566737,0.975670383320807
"89",-0.163589214873532,-0.0531164008199078,-0.0268021867864282
"90",-1.22553024172055,-1.16295188093966,-1.12789767339616
"91",0.973614369022061,1.64380993644344,1.46899312680366
"92",0.646937690998255,0.462003806226136,0.648376601444592
"93",1.11353843732623,1.0334425709831,1.23726578086236
"94",-1.00431674750589,-1.30276492564077,-1.294570666033
"95",-0.232808521875931,-0.508982459516202,-0.712585217902826
"96",0.406630548739706,0.332011120013944,0.788822076958002
"97",-0.214739978851278,-0.572131714432498,-0.564780056397408
"98",0.448859076084258,-0.316670833920604,-0.295850450791412
"99",-0.176133372416493,0.176912268178007,0.153255343667319
"100",0.151564931973474,-0.209826443191824,-0.122239911969724
"101",0.83041875196488,0.302942965686861,0.0542985291056531
"102",-0.429692537981375,-0.184106620971035,-0.173137859157753
"103",0.228925048267395,-0.198314563041857,-0.326804216387416
"104",-0.906487109899885,0.0826625917427535,-0.670398266642451
"105",0.641720214640818,0.857148653921345,0.761099225456878
"106",0.232360071888903,-0.261229310228128,0.0077602320137336
"107",-0.005233357040567,0.0414857635207713,-0.0749876033501909
"108",0.849784914557861,0.864112603856043,0.806418833194323
"109",-0.975184394961853,-1.13602266278953,-1.1994323015264
"110",0.174848194595834,1.26262116013553,1.04614406582424
"111",-0.314411984956839,-0.315307682310369,-0.635646968673497
"112",0.753971807854756,0.515513508619896,0.934039519140823
"113",-0.719479632639397,-1.37278198653197,-1.3594082120082
"114",-0.803470515866604,-1.61001790473362,-1.36451284932272
"115",0.208464943298435,-0.903750578068908,-0.573021472638714
"116",0.827407366708281,-0.24699243702347,-0.0145872472748257
"117",-0.153885557203794,0.0392701270899925,0.206575307622641
"118",0.350900514822854,-0.0166180520330404,-0.275891983304825
"119",0.779383022278552,0.370980620052132,0.891467577863282
"120",0.0689784920013133,0.262994487506101,0.692436254834236
"121",-0.210146089489077,1.03473597905003,0.487252465609375
"122",0.156515392602564,0.537643588578022,0.251010976276798
"123",0.584981683725451,1.11644239935323,1.10836283409661
"124",-0.308567952557091,0.0134009782075914,-0.493966043390294
"125",-1.35421926779583,-1.36341169246815,-1.46877764757665
"126",-0.344776272326645,-0.892048030506249,-0.819635961128714
"127",-0.161647266303974,-0.550973260652015,-0.656028908654819
"128",-0.50008934526075,-0.373094140404235,-0.573391704915375
"129",0.821302938171762,-1.79299799837826,-0.0815824729126847
"130",0.726077817015198,0.120362683860833,0.14848693694082
"131",-0.65544156589127,-0.527118304055282,-0.777992832736321
"132",0.616984092776478,0.193217293206753,0.1467219752659
"133",-0.631070030695659,-1.03744204236813,-0.94251847392619
"134",1.41597459058138,1.38980308079858,1.50784150412311
"135",-0.32552918462881,0.189119251077483,-0.135523639683596
"136",-0.304940473291925,0.0212254460255379,0.103638130810742
"137",-0.433699041077527,-0.541437363800605,-0.204912411797672
"138",0.555843950177811,0.700044192292021,0.946384120376578
"139",-0.286001970680038,-0.221121759037131,-0.640222950931963
"140",-0.85758663812847,-1.42878034245063,-1.33083789212886
"141",-0.579410536036127,-0.337945224272438,-0.206860478204428
"142",-0.504669014709126,-0.713767099652051,-0.412842745223637
"143",-0.252707785509298,0.867828188040969,0.437744033992706
"144",0.529002506651486,0.617990131804947,0.165536361578058
"145",0.536995452144834,0.0867084765882333,0.242448141969357
"146",-0.124662674278061,-0.282599762712445,0.0842520520650201
"147",-0.41152831819327,0.0127019612007766,-0.349741168988676
"148",0.155445514688856,-0.233271610136469,-0.127430255807811
"149",-0.626021337998549,-0.714991190265758,-0.913151977245151
"150",0.628284052595905,0.566251093404153,0.671830402561601
"151",0.326444634922033,-0.242912606325863,-0.0116765103775849
"152",0.160363574300141,0.417617434669739,0.164566860629872
"153",-0.289245578909503,-0.112693579964567,-0.380263178087084
"154",-0.373868502296761,-0.022219060549746,-0.0188496417738305
"155",-0.747939859555724,-0.615129592800143,-0.780367482182341
"156",-0.317090973424211,-0.403802771610991,-0.100308149045319
"157",-0.482984153187897,0.231746324736952,-0.156054446788049
"158",-0.762250935244824,-1.30731020136353,-1.23557690677681
"159",-0.886210220023489,-1.03668632366764,-1.07000521122956
"160",0.0715547325273333,0.129662546893844,0.180894702252908
"161",-0.664117935277659,0.417095306127436,0.128248357384113
"162",1.49393723272216,1.78710362032207,1.74608829772361
"163",-0.082317533365902,-0.301188637299724,-0.617162500716696
"164",-0.0691631627708047,0.510701303456218,0.734511764966963
"165",-0.441690377379205,-0.210932055877418,-0.527153807433805
"166",0.269706790681062,0.379282112862827,-0.0483459405383242
"167",0.331838203265999,0.312769828785628,0.145499213334762
"168",0.89566429517386,0.39635770747914,0.929737768882484
"169",-0.889708851068086,-0.346551669581199,-0.492191300467161
"170",-0.490880768420749,-0.235194299634343,-0.518097705028868
"171",0.341180915604696,-0.256154768688872,-0.326965363054685
"172",0.663218767267552,0.504522012510988,0.494793297657777
"173",-0.700960134943389,0.67668707969967,-0.0676451744847599
"174",0.823200055066962,0.385854292572861,0.700500164922613
"175",0.232799073903194,0.47640878901433,0.793058495151483
"176",-0.45176673213267,-0.33248383611735,-0.78551971206752
"177",-0.706620578557754,-0.200907709277746,-0.638212846928912
"178",-0.984974687950574,-0.654655535702363,-1.32860917381999
"179",-0.978025117375462,-1.1286292234876,-1.3373098484224
"180",-0.417822922636501,-0.391752820226023,0.290722387219351
"181",0.278335872825053,0.252441795305844,0.526522642093314
"182",-0.456644063670858,-0.836322367273973,-0.153763586495955
"183",-0.904334689373335,-0.807984257273123,-1.3756271962593
"184",-0.442337292864612,-0.386076326912212,-0.663830931466632
"185",0.455367400815457,0.803358777893299,0.74221201571407
"186",-0.413158794114572,-0.13148160886611,-0.41256139314321
"187",0.601104071247536,1.32312028808658,1.19682714066968
"188",0.81739907282878,1.35982779641527,1.2822725086947
"189",0.543476409857869,-0.399305281478806,-0.317510019606504
"190",-0.886359062228944,-1.46060955890157,-1.84234526961786
"191",0.927187971878569,0.961254165386275,1.14900125049238
"192",1.08556444167875,0.450091291966216,0.999111872597101
"193",-0.555769994560484,-0.861057062832646,-0.309272250577092
"194",-0.0040692215853124,-0.0960371951199246,0.147845928911411
"195",1.12739315299766,1.15079726700432,1.29295156023804
"196",0.191731477985103,0.295143101476066,0.555603739642664
"197",1.00636299364252,1.19548120576368,0.927092734737342
"198",0.910819055103182,1.16142438365926,1.22682294764186
"199",1.28790163202307,0.532063139947683,1.08667290174948
"200",0.232888291886102,-0.371120696085197,0.208175744924853
"201",0.13811978362462,0.173759744776946,0.347799444721052
"202",0.455907714297732,0.603758245781339,0.496901032596813
"203",1.00042798299197,0.508874820492201,0.997213818491013
"204",0.692986873138744,0.696520494918222,0.0773076806451351
"205",0.0701258456564985,0.0301326426658849,-0.10810913523385
"206",-0.85205652614402,-0.56058699784438,-0.609972415989694
"207",1.07484831984724,0.531546550046434,1.0259615388138
"208",0.819732583094128,0.669783483107424,1.00633927914295
"209",-1.41242431006617,0.104706381994691,-0.643378442174067
"210",0.144436585119928,-0.0814226320499248,0.0356941162426871
"211",-0.160798957542317,-0.384141248152729,-0.578167436640366
"212",0.479367797814688,1.5360406373118,1.24833563584983
"213",0.352391827202161,0.180633919938723,0.14226392713307
"214",-0.156543014332126,0.7282327475499,0.78041765079948
"215",0.438203533133232,0.45561001654581,0.431257277093377
"216",0.37894117956703,0.59953513967716,0.453512327687982
"217",0.600897313109601,0.330302334571544,0.60994213277794
"218",0.413128612096859,-0.231982043776481,0.467822275917126
"219",-0.27155104623098,-0.180619412444431,-0.350843004024343
"220",0.375076359907827,0.518541159603922,0.840221810345871
"221",0.0487732327954096,1.12457513563723,0.736856913068381
"222",0.0664050601861068,-0.510697182500814,-0.288732941711553
"223",-0.0180855848642876,-0.559658070927508,-0.277606349227558
"224",0.219984976520074,-0.263168719730796,0.578426856218029
"225",-0.611260489876278,-0.553367907729897,-0.695861972326974
"226",0.478760166779978,-0.176300448724539,0.180949695240772
"227",0.129720297533529,-0.00326191307913733,0.471523349727191
"228",1.15048965394537,1.21463396210062,1.32937097641082
"229",0.128282243866223,-1.22292134190039,-0.581134468200789
"230",0.0182019850927288,-0.49393136630387,-0.896472923857249
"231",0.313352306642054,0.805172233440648,0.919759824294198
"232",-0.0206680939947059,0.368750553459731,0.500372443058397
"233",-0.0596254729205164,-0.544248408428755,-0.343047215948259
"234",1.16232691006095,1.42358174742536,1.43104547812089
"235",1.2026920901927,0.910760424533269,0.812601656219654
"236",-0.639919796157583,-0.410713481242219,-1.0002039789718
"237",-0.201952332578598,0.186569146700991,0.614019582980689
"238",-0.683227735615739,-0.154607701314137,-0.622781524088647
"239",-0.135022124307879,0.519363586166197,-0.139143976874052
"240",-0.643119636039588,0.249172689917516,-0.325785560839986
"241",-0.440200671081167,-0.344004848552273,-0.739675219018964
"242",0.500135874749029,0.942803550152715,1.01824032301153
"243",-0.824144536648731,-0.80753023985273,-0.86603748732041
"244",1.49393723272216,1.78710362032207,1.74608829772361
"245",-0.282452473954843,-2.4910867746227,-1.57964497925161
"246",-0.0548241879936598,-0.234016119261689,-0.342723071848509
"247",-0.688997012797324,-0.896093316829626,-0.883195626778636
"248",-0.49349042902187,-0.887555175896361,-1.37875485908462
"249",-0.804550896896916,-0.175655176556654,-0.255825095582588
"250",-0.20141455190819,0.364056282074742,-0.00442784875606906
"251",-1.08635123218777,-0.627547740218281,-0.961542188412066
"252",-0.242498078144447,0.236892298477854,0.182989164982369
"253",0.474840408521373,0.730542383693024,0.405166031713342
"254",-0.348143842107694,-0.184277140063436,-0.582495073826959
"255",0.686539394710546,-0.0237900973337525,0.116714666538499
"256",-0.263286975128472,-0.328273854713412,-0.351045695804974
"257",0.802374404068098,0.61722915574693,0.720077852034181
"258",0.953037689838461,0.638761827002126,0.801924904308406
"259",0.0361721775187011,0.553029251552611,-0.0842970416074171
"260",0.736292261348587,0.984506716889171,1.10126708925655
"261",-0.509133241160786,-0.661033037603906,-0.598891686050742
"262",-0.433289831860055,-0.660855890911098,-0.709145924338082
"263",0.382118026043843,-0.748749419182592,-0.227138130520996
"264",0.40329262761738,1.07322521081462,0.596582290109692
"265",-0.00468203405642555,0.0251179323053055,0.266519832227123
"266",1.24199792595239,1.71358071126964,1.60608403444706
"267",-0.716759401828983,-0.257013587571945,-0.2480279414938
"268",-0.719292359636839,-0.266061565852801,0.243462411505258
"269",0.260134246628305,0.597623248137791,0.83781131744472
"270",-0.66116906199802,-0.235168870031417,-0.666139525061708
"271",0.958153136817134,0.315778343347467,0.918235183094248
"272",-0.305731543352198,-0.204044914051575,-0.597876246625462
"273",-1.58811169953988,-1.26625176937557,-1.32947430903644
"274",0.854407883178991,0.938506151046118,1.1180764262635
"275",-0.955618505336645,-0.656618115076226,-0.150448883507748
"276",0.717759439006151,0.735469409014834,0.434185252983463
"277",0.0389003031920823,0.270554399459949,0.521102055151971
"278",1.49393723272216,1.78710362032207,1.74608829772361
"279",1.01963909027989,1.21855780654382,0.982062348243677
"280",-0.34619595954246,-0.34108049108496,-0.813233047560962
"281",1.34726882887734,0.972655678769301,1.28725611383594
"282",1.49393723272216,1.78710362032207,1.74608829772361
"283",0.381285083474284,-0.360002006172632,-0.222258631678229
"284",-0.219921624361581,-1.0154014311629,-0.71119068237679
"285",-0.593293272760262,-0.413319849484901,-0.717590602538698
"286",-0.479491389573571,-0.887034626405161,-0.86701385828828
"287",-0.0785974670318176,-0.0964941562068644,0.563151732774423
"288",-0.278209145001689,-0.142685873451925,0.0757156577961189
"289",-0.136270657468313,0.0333543951790692,0.104865460590194
"290",-0.694079689105965,-1.20642434719113,-0.90026291795423
"291",0.0175639910594564,0.535783256464126,0.408989667165195
"292",-1.32057183344444,-1.17847990947095,-1.4884909430248
"293",-0.223304276574182,-0.0423096634176658,-0.12036861679186
"294",-2.24538716850185,-2.6237149956922,-2.61897566410522
"295",-2.74322563230872,-3.04518076945926,-3.40417718952084
"296",0.279805803327581,0.598287193737235,0.612514527371265
"297",-0.505847595972959,-0.822733431197163,-1.1202361534601
"298",-0.696666397145351,-0.514380995775548,-0.711118810189306
"299",-0.61033779322409,-1.1138646288222,-0.808524113121932
"300",-0.866275134833871,-1.28220438093675,-1.22800237891753
"301",-0.545018035926549,0.216565566227316,-0.276821037961441
"302",-0.109176757013278,-0.445936498181936,-0.20837964144195
"303",-0.412495566929367,-0.343129220520426,-0.736035243989449
"304",-0.492531260909682,-0.55663651577402,-0.214095953063766
"305",-0.342590047985266,-0.21629878389482,-0.28556138479641
"306",-1.01456845041632,-0.364068899783237,-0.839431050903526
"307",-0.591426700749428,-1.0987016740032,-1.16058021436852
"308",-0.362657049350061,-0.822823633858516,-0.495028287688023
"309",0.984061262049349,-0.428874492715619,-0.0250138100370817
"310",-0.868467261353272,-0.785076442625353,-1.05184033667849
"311",-0.961844349541154,0.358355859774325,-0.349123520871095
"312",0.817860193563472,1.36455362467398,1.28451052507712
"313",-0.962029285038942,-1.57741739487214,-1.4622461456528
"314",0.134069827952183,0.168718611416675,0.51151741001635
"315",1.10249875284091,0.90232796951022,0.457795526333211
"316",-0.899686381822232,-1.31883034800738,-1.26228939283575
"317",-0.228319429533743,0.222980372707926,-0.141509674260127
"318",0.472730169816436,-0.596704920574386,0.134871755408937
"319",-0.219187654073709,0.842907962555781,0.801321677227868
"320",-1.37369859928816,-1.26889472886731,-1.26273219281171
"321",-1.03145592248844,-0.802692288589482,-1.04171088024146
"322",1.06300986540778,-0.140022916408963,0.285209534554118
"323",1.11771973926313,0.76962758869366,1.12963170746303
"324",-0.168389789344205,-0.893469779734767,-0.687124218882514
"325",0.567316051010583,-0.374208775910164,0.142469628042912
"326",-0.838027496475551,-0.209688522121376,-0.349957913591987
"327",0.0252189871588049,-0.725572416964495,-0.32484388483897
"328",-0.63739491633179,-0.583257397810406,-0.25063340189106
"329",-0.567442157386825,-1.50647943055721,-1.39658680267218
"330",0.244988220795071,-0.923775014577647,-0.679937214693095
"331",0.728562435530392,1.08068728401342,1.13697055757264
"332",-0.211700842547943,0.0426804889622251,-0.531249357069875
"333",0.284509263065905,-0.354352590795421,-0.0232761852491234
"334",0.347177030585457,0.221675809846494,0.0195878361872249
"335",-0.166860062630863,0.149192862741235,-0.173425956881344
"336",-0.0227636892260419,0.787621944956001,0.830521549264638
"337",0.144628659192732,-0.193269939688523,0.581941365001624
"338",0.474237936758842,-0.573300707432268,-0.493628404763914
"339",-0.191215132047853,0.0724426417164174,-0.0388269891983038
"340",0.832915111957394,0.835641928749814,1.07184973974684
"341",0.172840254637927,1.02568475128013,0.959610312697535
"342",0.384762851512401,0.57873665204328,0.440627128156127
"343",0.662981971221769,0.354875264544767,0.857276189405959
"344",0.473332057065114,0.494924218085843,0.661725319607611
"345",-0.154804593581889,-0.150524287860768,-0.497812764910742
"346",0.266613115760749,-0.161200890497981,0.00166285228681274
"347",-0.566027921583144,-0.215543821111097,-0.524242370026296
"348",0.938812338404331,0.616222716880173,0.416794526529923
"349",0.939000281961906,0.398027237505916,0.625050770514041
"350",-0.389500751713797,0.123574367392751,-0.353333201342069
"351",-0.468864751272522,0.268379605583591,0.100676160516598
"352",-0.547776973208707,-0.494346314931503,-0.706186490928542
"353",0.332070431566921,0.348884206648725,0.776747237240406
"354",-0.296870646431335,0.387325791148908,0.277259280367998
"355",-0.765717988076903,0.206068481244595,-0.0785934660638349
"356",-1.26524138452106,-1.30409283041429,-1.02479917459934
"357",0.913847091195338,-0.0028094799522686,-0.295631430138758
"358",0.883682373877661,-0.0222109279857768,0.376198554827115
"359",-0.140591703272066,0.0376362865609863,-0.492922555141573
"360",0.245340107137754,-0.473970350081584,-0.0328552466808214
"361",0.90561692399651,0.133905115574056,0.475348223990352
"362",-0.0351773363188155,0.00990279411238996,-0.232805178870932
"363",-0.587057094730543,-0.405044555555097,-0.768442444230215
"364",-0.631639696390155,-0.560177121095658,-0.626628353402602
"365",-1.03643796593947,-0.108424101082067,-0.680729106190441
"366",-0.407260287834275,-0.969670253022424,-1.19506203181196
"367",-0.55413559035102,0.0107680358084815,-0.0540722075846989
"368",0.797208487358742,1.06764402380114,1.15249078666069
"369",-0.0842550020440378,-0.0277015576569674,-0.0170174491711069
"370",-0.0793672867531523,-0.279715301895057,-0.505056371055171
"371",-0.382974339203314,0.718914659630276,0.407782593416937
"372",-0.807683848773603,-0.479085667959954,-0.763211170396438
"373",0.189811282537675,0.172416173961635,0.306751241255001
"374",0.258581035520542,0.324437253007472,0.383757380516808
"375",0.129451346460244,0.649053837245383,0.822857075269251
"376",0.310676414983379,0.872056439804038,0.728143901413005
"377",-0.316157863111437,-0.381857336784683,-0.64709632413727
"378",0.127289505859411,-0.900374651057695,-0.82654288724016
"379",-0.069298762188343,0.0102799127254528,-0.0893997561618025
"380",-0.440179677228419,-0.127972058544696,-0.189820549252963
"381",0.0371268720629123,-0.190792970703091,-0.132343527750396
"382",0.130802462052393,-0.769960917462204,0.269247264803743
"383",0.545533021553086,0.0418247965245763,0.234755854760852
"384",0.344017622489962,0.658985042354817,0.640383040926066
"385",0.104853332391066,-0.858706551184392,0.0993488552199359
"386",0.0420254602558996,-0.151898388239322,-0.326109489520067
